GoalID,GoalDescription,EmployeeID,ProjectAssigned,DueDate,CompletionStatus
3959,West coach north bag experience benefit.,5491,empower cross-media markets,2024-09-07,In Progress
8323,Produce picture nature.,4112,aggregate global vortals,2025-06-01,Completed
2565,Employee history force meeting Congress.,9661,repurpose revolutionary systems,2025-01-11,Completed
8262,Oil future sister bring material house.,9256,drive user-centric infrastructures,2024-10-15,Completed
4789,Heavy onto factor toward song environment commercial.,1678,maximize viral platforms,2025-05-04,In Progress
4094,Hand set evening man health place resource under.,4113,expedite interactive methodologies,2024-11-03,Completed
1746,Seem soldier wall form since against very.,2223,synergize B2C methodologies,2025-07-19,Completed
4587,Full worker authority pick.,3104,incentivize out-of-the-box supply-chains,2024-08-27,In Progress
5820,Garden friend would practice scientist many must.,3041,morph leading-edge web-readiness,2025-07-12,In Progress
7090,Remain others when former general avoid ago.,6718,re-intermediate magnetic markets,2025-03-22,In Progress
3807,Condition but during new write Democrat billion.,6241,cultivate web-enabled niches,2024-12-08,Completed
6348,Buy only evening main left.,4113,transition user-centric markets,2024-10-04,In Progress
4980,Member project model dream hand alone.,5415,seize plug-and-play paradigms,2025-06-17,In Progress
1119,Performance science moment box somebody mission.,5460,strategize killer users,2025-02-20,Completed
1408,Office however war song adult head you.,6119,engage efficient functionalities,2025-07-19,Completed
6595,Top include environment its.,4831,deploy innovative models,2024-08-04,In Progress
1302,Four culture add else Democrat throughout because travel.,9489,orchestrate bleeding-edge web services,2025-04-09,In Progress
8756,Nice must form college feel quickly.,3036,streamline transparent metrics,2025-01-03,In Progress
7156,Ground develop attack direction area prevent.,5480,architect seamless communities,2024-08-06,In Progress
2354,Culture economy bank walk.,2113,evolve global architectures,2025-05-12,Completed
6746,Hear truth example.,9661,streamline intuitive channels,2024-12-30,Completed
7516,Medical life speech professional ten imagine assume remember.,6963,scale vertical portals,2024-12-05,Completed
1426,Whether expert possible use course method some rate.,8487,incentivize cutting-edge methodologies,2024-09-21,Completed
3232,Gas mean movie back.,8094,exploit front-end networks,2025-03-25,Completed
7131,Part reason material.,7801,utilize compelling markets,2025-06-19,In Progress
9767,Relate method final do book city.,5008,reinvent vertical relationships,2024-12-05,In Progress
9327,Yard attention bill tax realize.,8128,deploy visionary solutions,2025-04-19,In Progress
5169,Senior choose soon event language.,4017,empower synergistic initiatives,2025-06-30,In Progress
1613,Would book themselves.,4470,embrace mission-critical e-markets,2025-06-07,In Progress
8466,Marriage human certain mother.,5751,whiteboard viral initiatives,2025-01-29,Completed
5837,Response animal least population.,6897,synthesize clicks-and-mortar architectures,2024-12-20,Completed
3559,Focus glass note sound actually.,9904,incentivize clicks-and-mortar solutions,2024-07-25,In Progress
1937,Focus after continue along family myself.,1471,benchmark cross-platform applications,2024-12-30,In Progress
7504,Man computer ahead upon participant.,9315,whiteboard out-of-the-box eyeballs,2025-07-20,Completed
1180,Anything thank western bad security large.,5491,incubate bleeding-edge architectures,2024-09-27,In Progress
6976,Trial miss agreement hotel pretty how figure door.,3796,orchestrate world-class users,2025-01-18,Completed
7780,Themselves drug actually upon.,7028,target virtual experiences,2025-06-20,In Progress
5955,Four try team continue.,6963,revolutionize impactful channels,2025-06-16,Completed
9136,Three child sing control like here ten.,1839,seize strategic e-markets,2024-08-24,Completed
6657,Hundred particularly truth under next media number church.,5979,harness dynamic web services,2025-04-10,Completed
4723,Sit hundred available something like suggest play reveal.,9771,morph extensible eyeballs,2025-07-06,In Progress
1387,Nor future much.,1514,synthesize extensible mindshare,2025-07-19,Completed
4664,Control where service here floor information analysis example.,3036,productize transparent synergies,2025-05-15,In Progress
5166,Town night tell inside.,6735,incentivize efficient action-items,2024-10-04,In Progress
3241,Vote course through return.,1471,re-contextualize open-source functionalities,2024-11-28,Completed
7832,Son shake yes serious about effort.,9771,re-intermediate strategic channels,2025-04-25,Completed
8420,Five without fish popular exist four.,4113,enhance viral technologies,2025-01-30,In Progress
1146,Find civil manager mission toward sure run.,6963,disintermediate intuitive interfaces,2024-09-24,Completed
2532,Pay bad action book method on upon.,3104,productize out-of-the-box mindshare,2025-03-25,In Progress
3976,North these too your now who rich think.,8128,incubate end-to-end schemas,2024-11-19,In Progress
4715,Trip create already part need American join actually.,1839,generate bleeding-edge synergies,2025-02-06,Completed
1754,Drug generation chance political likely.,5570,unleash seamless solutions,2025-05-11,Completed
6984,Check likely idea doctor method.,8094,transform interactive systems,2025-03-05,In Progress
7313,Put from between wear market.,1806,reinvent out-of-the-box web-readiness,2025-04-07,Completed
7280,Power take few scientist others.,6963,leverage web-enabled functionalities,2025-02-24,Completed
2710,Decision assume somebody star.,5037,orchestrate clicks-and-mortar markets,2025-05-25,Completed
9318,Traditional grow join white.,2921,streamline killer portals,2025-05-03,In Progress
7345,Ask boy matter phone.,9727,innovate customized deliverables,2025-04-29,In Progress
8927,Democrat food blue should campaign decade because.,5274,matrix mission-critical technologies,2024-11-17,Completed
8607,Will shoulder service area probably budget time media.,1391,streamline impactful synergies,2025-03-16,Completed
1105,Attack tough lose staff look eight.,5600,monetize enterprise partnerships,2025-03-31,Completed
6446,Civil worry save be necessary couple store environment.,6119,whiteboard rich communities,2025-01-01,In Progress
1900,Field television short trial memory ball child.,7095,mesh dynamic technologies,2024-10-22,Completed
5499,Much manager wide health turn.,7359,synergize proactive portals,2024-09-17,Completed
9458,Try behavior year all.,9727,aggregate wireless niches,2025-03-16,In Progress
4590,Center site memory window campaign ahead.,4665,aggregate bricks-and-clicks e-tailers,2025-01-04,Completed
9244,Expert marriage crime or outside one senior.,7487,transition world-class web services,2025-06-29,Completed
8776,Explain take them doctor.,5098,synergize virtual architectures,2024-10-18,In Progress
9429,Risk gun learn society.,2037,optimize collaborative bandwidth,2025-07-06,In Progress
5759,Guy month television require sport hospital lead.,5491,iterate virtual portals,2025-04-27,Completed
1692,Course season still surface.,5719,transition e-business experiences,2025-05-03,Completed
6680,Hand chance never although nice every their.,5600,enhance real-time deliverables,2024-09-13,Completed
7727,Issue certainly them traditional.,1784,monetize world-class e-commerce,2024-08-06,Completed
1162,Second security put crime yeah letter.,2340,deploy front-end channels,2025-06-12,In Progress
6551,Employee some through.,9771,transition best-of-breed metrics,2025-05-20,Completed
3632,System through eye miss subject arm store claim.,1471,enable interactive deliverables,2024-09-12,In Progress
8560,Book gas indeed before four.,7801,optimize viral interfaces,2025-05-19,Completed
7809,Because today science mention food.,5751,integrate synergistic architectures,2025-03-29,Completed
5503,Since position hear speech to energy pick ability.,4831,reinvent strategic e-commerce,2025-04-28,Completed
1005,Thank camera agency break hospital.,2113,repurpose world-class paradigms,2024-11-29,Completed
5049,Car room product moment among lose deep.,3579,morph intuitive vortals,2025-06-20,In Progress
5474,Law program actually human finish foreign city.,8443,engineer best-of-breed paradigms,2025-02-21,Completed
8513,Magazine raise natural hot officer use thus.,7359,visualize B2B mindshare,2025-06-05,Completed
2980,Report company seem evidence why.,6897,leverage magnetic web services,2025-05-01,Completed
6614,Student south each these its four.,5415,morph synergistic e-business,2025-03-16,Completed
2065,Foreign environment kind general market trouble.,4384,whiteboard virtual ROI,2025-03-07,Completed
7511,Picture activity college along population meet third.,3440,strategize distributed portals,2024-09-30,In Progress
5513,Budget difference certain.,9904,expedite B2C portals,2025-06-25,Completed
1815,Floor indeed long seem around beyond they.,4665,generate wireless synergies,2024-09-04,Completed
1223,Democratic under build film.,9461,enable 24/7 eyeballs,2024-09-02,Completed
8164,Nothing skill education.,9315,extend next-generation networks,2024-09-06,In Progress
5239,Life outside federal religious.,2921,embrace rich e-markets,2025-06-21,Completed
7840,Republican your not power evidence choice American summer.,5460,orchestrate clicks-and-mortar applications,2025-01-10,Completed
7282,Subject example senior them cut market.,5372,repurpose transparent initiatives,2024-09-13,In Progress
6590,Nature special me idea.,8128,re-contextualize end-to-end niches,2025-02-14,In Progress
7070,End although experience which.,3647,drive efficient info-mediaries,2025-04-29,Completed
3288,Design from if play report north tough.,8128,brand world-class solutions,2025-07-17,Completed
3937,Nation happy fine wind of price.,8816,leverage impactful ROI,2025-03-15,Completed
2085,Ball study share nation student.,8387,visualize next-generation solutions,2025-01-21,Completed
5907,Society role everybody skill since need economy.,4112,re-intermediate clicks-and-mortar networks,2024-08-20,In Progress
5638,Air their way decade.,5460,incentivize virtual networks,2025-05-18,Completed
8001,Hand action challenge bad.,5600,incubate impactful relationships,2025-07-04,In Progress
2307,Hour war building range half.,3561,whiteboard web-enabled experiences,2024-09-27,Completed
8484,Ever reduce doctor teacher current.,1839,incubate cross-media bandwidth,2024-12-01,Completed
6886,Raise responsibility into realize fire offer.,2740,revolutionize distributed experiences,2025-06-11,Completed
7854,Before get goal tax.,4525,enable end-to-end web-readiness,2025-07-11,In Progress
3969,Discover everything indeed get.,5570,integrate value-added eyeballs,2024-12-31,Completed
7257,Chair kind civil page Democrat anyone way hear.,7790,expedite world-class e-tailers,2024-09-11,Completed
2318,Executive indeed own after there seem manager.,6525,deliver cross-platform e-tailers,2024-09-02,Completed
3653,Follow stock college official choose same low change.,4665,generate extensible methodologies,2025-07-06,Completed
5659,Actually sign when star education but.,8816,transition efficient channels,2024-11-06,In Progress
5899,Everyone management author would unit surface.,5008,extend B2B networks,2025-06-15,In Progress
5925,Good same media take thought quickly long hotel.,5308,e-enable enterprise e-tailers,2024-09-13,Completed
5870,Other agency better everyone.,5480,disintermediate rich eyeballs,2025-05-01,Completed
4798,Tv thank speak old claim important difference.,4384,synthesize seamless e-services,2025-07-20,Completed
8593,Manage rate water author officer.,2740,monetize B2C web services,2024-12-21,In Progress
5128,Fire create draw energy outside.,7801,incubate 24/365 info-mediaries,2025-03-15,Completed
3266,Smile culture they certain case.,6735,scale seamless experiences,2025-04-14,In Progress
4882,View face project task lose leader.,8353,strategize next-generation architectures,2024-07-28,Completed
1799,Movie its page opportunity.,6897,seize mission-critical e-tailers,2025-03-10,Completed
9971,Trouble find consumer fall.,5491,enable web-enabled markets,2025-02-28,Completed
3334,Land different away rule trouble box.,1678,transform frictionless solutions,2025-05-04,Completed
5246,Nothing operation issue have boy own.,3579,strategize wireless platforms,2025-01-06,Completed
3013,Though four executive garden everything specific.,5372,embrace real-time paradigms,2025-01-28,Completed
5874,Spend foreign low break million.,9256,aggregate viral e-markets,2025-01-20,In Progress
9556,Respond then past agree generation.,2223,incubate strategic e-business,2024-11-21,Completed
9006,Often nice surface meet really.,6542,utilize cutting-edge schemas,2025-07-17,In Progress
8104,Security focus source model already ok.,3647,enable real-time e-tailers,2025-03-05,In Progress
3839,Thus participant compare.,6119,expedite e-business web services,2024-11-14,Completed
3328,Decide bar throughout.,3428,architect synergistic niches,2024-08-15,Completed
9759,Least million despite our fact.,3145,productize mission-critical communities,2025-05-30,In Progress
6078,Safe road most right simply.,9727,monetize front-end e-services,2025-06-30,Completed
8557,American whose few director.,7028,innovate extensible e-services,2025-05-25,Completed
9581,Between its performance.,1678,enhance wireless bandwidth,2025-07-11,Completed
8408,Protect though son open charge.,4749,incentivize bleeding-edge initiatives,2025-07-11,In Progress
6085,Doctor big seek firm.,2828,aggregate world-class schemas,2025-04-20,In Progress
4331,Goal public build probably surface draw gun.,8816,re-contextualize bleeding-edge web-readiness,2024-07-24,In Progress
9072,To prevent man prove office entire.,3977,synthesize granular models,2025-03-26,Completed
2215,Allow than director plan property modern.,6718,benchmark innovative web-readiness,2024-10-12,Completed
3782,Leader now significant fine pay offer.,1784,implement B2C applications,2025-01-24,In Progress
9628,Indicate any bad describe move hit since.,4470,synergize next-generation web-readiness,2025-07-04,Completed
6174,Time couple as coach believe pass area pretty.,1391,utilize open-source platforms,2025-05-06,In Progress
3151,Attention administration free skill cause.,9226,innovate front-end ROI,2024-08-15,In Progress
3890,Job size be three.,6241,transform innovative communities,2024-12-22,In Progress
1636,People eat debate.,6525,enhance real-time models,2024-10-20,In Progress
9157,Unit strong people quickly run.,4269,redefine customized relationships,2025-02-17,In Progress
9152,Debate accept enough despite government person.,6978,revolutionize intuitive web-readiness,2024-09-19,In Progress
4872,College cover letter condition cause door song.,5274,embrace vertical systems,2025-05-15,In Progress
2799,Deal not wait side new painting.,2223,iterate B2B architectures,2024-12-13,Completed
4279,Year personal control list.,5979,e-enable synergistic users,2025-04-24,Completed
8258,Week big Republican not.,5308,mesh front-end metrics,2025-04-10,In Progress
8192,Must the program admit issue husband southern.,7028,facilitate scalable web-readiness,2024-10-29,Completed
8084,Even teach decide politics.,5374,drive impactful architectures,2025-04-25,In Progress
9817,Behind over may politics arm reduce even.,5460,morph granular niches,2024-10-04,In Progress
5350,Dream during white speak account bag someone.,1839,e-enable open-source content,2024-11-25,Completed
8807,Finally pretty senior you air no imagine.,2921,synergize leading-edge experiences,2024-08-05,Completed
6247,Politics national across every message world realize.,5600,embrace enterprise communities,2024-08-28,Completed
8168,Have artist well son left face.,2340,target intuitive methodologies,2025-06-11,In Progress
9519,From product center important we computer court.,7790,reinvent compelling supply-chains,2025-01-06,Completed
6494,Because feel student really treatment federal attention.,9315,whiteboard B2B action-items,2024-12-08,In Progress
4110,Bill others traditional firm eight.,2828,morph synergistic markets,2025-01-14,In Progress
6887,Politics character various necessary prevent.,1806,maximize wireless info-mediaries,2024-10-07,Completed
7231,Pay expert challenge herself place.,6897,implement virtual vortals,2024-12-02,In Progress
6278,Force history study event interview rather.,1784,transition turn-key schemas,2025-03-28,In Progress
7855,Born yet result could produce support apply.,8094,optimize synergistic mindshare,2025-04-26,Completed
8832,Difficult growth poor light section process create way.,9727,productize killer web services,2025-05-27,Completed
2653,Town message manager.,5372,scale cross-media initiatives,2025-02-28,Completed
3822,Face ready response role perhaps style house.,4112,deploy sticky markets,2024-09-06,Completed
7814,Wall control personal could.,4749,utilize revolutionary applications,2025-02-16,In Progress
5802,Relationship father present its people various present.,1133,embrace user-centric eyeballs,2024-12-08,In Progress
2367,Pattern young soldier forward language piece leave.,3561,innovate synergistic markets,2024-12-08,In Progress
7765,Fire line response him just picture sea.,1678,e-enable value-added info-mediaries,2024-08-18,In Progress
9617,Firm Congress about news brother individual.,2223,generate B2B markets,2024-11-10,Completed
1463,Personal wind mission glass behind test put.,1391,embrace proactive networks,2024-12-07,In Progress
3426,Second far company close trip whether later.,5415,grow back-end action-items,2025-03-06,Completed
8469,College cup across especially away cell us.,6119,strategize cross-media infrastructures,2024-09-21,In Progress
4096,Hotel his PM join half.,4017,facilitate value-added e-business,2024-09-16,Completed
5382,Can dog wife.,7487,empower frictionless methodologies,2024-08-25,Completed
7400,Even pay believe response attention answer.,5570,brand integrated portals,2024-12-17,In Progress
7109,You leave of stay movie.,8128,harness vertical e-commerce,2025-07-18,Completed
7050,Hotel before be perhaps fear price.,6963,enhance turn-key markets,2025-01-25,In Progress
1684,Chair would however daughter course occur.,3796,repurpose synergistic deliverables,2024-11-27,Completed
1653,Choose here beautiful realize similar too.,5008,incentivize e-business users,2024-11-01,Completed
2164,Star success stock produce same check continue.,3145,unleash sticky methodologies,2024-10-24,In Progress
2910,About top purpose different which character.,5372,grow innovative platforms,2025-06-02,In Progress
6042,Force leader dinner without.,1784,generate best-of-breed metrics,2025-06-12,In Progress
2788,My large current response buy prepare.,5570,deliver distributed eyeballs,2025-06-12,Completed
3135,Suggest institution drive clear view.,2340,utilize scalable interfaces,2024-12-14,Completed
4227,North ready agency memory they college agreement.,9417,facilitate value-added deliverables,2025-04-19,Completed
1645,Value dark stop show certainly song toward.,9489,brand vertical methodologies,2024-10-07,In Progress
2809,Crime teach reflect minute institution.,5372,transform leading-edge niches,2025-07-17,Completed
2550,Store bill operation evidence enter lawyer perform.,9661,target magnetic mindshare,2024-11-06,Completed
4675,Rather worker fill media.,8487,re-intermediate revolutionary schemas,2024-11-23,In Progress
9031,Green do father rate time sure exist work.,1885,synergize intuitive interfaces,2024-10-11,Completed
9480,Arrive fact item.,6484,engage impactful infrastructures,2025-04-24,In Progress
3891,View tax environment social thank.,5979,innovate turn-key applications,2025-03-05,In Progress
6373,Listen significant determine road threat.,1514,productize synergistic experiences,2024-12-14,Completed
2317,Part before paper month go blood main.,9771,revolutionize cutting-edge channels,2025-01-12,Completed
5602,Name plant rise power truth police actually.,6897,re-intermediate B2C interfaces,2024-10-09,In Progress
8963,Pull mouth TV similar happen memory.,3647,architect 24/7 networks,2024-12-05,Completed
