CourseID,CourseName,EmployeeID,CompletionStatus,DateOfCompletion,RecommendedCourses,Skills
113,transition killer channels,3235,In Progress,2024-07-22,"['enable scalable niches', 'target efficient content', 'harness interactive vortals']","['avoid', 'tell', 'nature', 'ball', 'safe']"
580,transform mission-critical e-services,6119,In Progress,2024-04-14,"['embrace open-source web services', 'e-enable efficient bandwidth', 'enhance distributed systems']","['herself', 'another', 'budget', 'should', 'issue']"
347,leverage robust deliverables,1514,Completed,,"['implement sticky convergence', 'matrix dot-com systems', 'matrix front-end paradigms']","['amount', 'little', 'school', 'foreign', 'wide']"
782,matrix transparent web services,3796,Completed,,"['architect innovative paradigms', 'unleash B2B systems', 'morph extensible supply-chains']","['modern', 'rise', 'free', 'firm', 'state']"
812,architect intuitive e-tailers,3506,Completed,2024-01-19,"['facilitate scalable ROI', 'aggregate 24/365 initiatives', 'aggregate global partnerships']","['important', 'ahead', 'source', 'type', 'child']"
133,facilitate one-to-one solutions,6241,Completed,2023-11-30,"['seize 24/365 architectures', 'disintermediate interactive relationships', 'e-enable one-to-one e-commerce']","['power', 'agency', 'view', 'region', 'discuss']"
534,grow holistic channels,4749,Completed,2023-10-10,"['leverage holistic relationships', 'matrix sticky e-commerce', 'redefine integrated paradigms']","['time', 'language', 'get', 'myself', 'character']"
634,extend real-time niches,3506,Completed,2024-03-20,"['orchestrate proactive users', 'target revolutionary e-business', 'transition robust ROI']","['firm', 'hour', 'attorney', 'else', 'cost']"
903,incentivize one-to-one networks,7846,In Progress,,"['transition e-business systems', 'reinvent mission-critical models', 'facilitate ubiquitous web services']","['move', 'around', 'middle', 'seven', 'break']"
774,harness value-added e-commerce,6119,In Progress,2024-01-21,"['empower bricks-and-clicks e-services', 'seize clicks-and-mortar technologies', 're-contextualize vertical solutions']","['firm', 'story', 'lot', 'buy', 'wall']"
906,benchmark strategic channels,9727,Completed,2023-08-16,"['utilize magnetic bandwidth', 'visualize B2C relationships', 'syndicate scalable web services']","['explain', 'style', 'space', 'indeed', 'out']"
332,re-contextualize 24/7 content,8816,In Progress,,"['syndicate viral synergies', 'syndicate value-added supply-chains', 'transform plug-and-play markets']","['third', 'room', 'activity', 'pick', 'manager']"
176,monetize extensible deliverables,9417,In Progress,,"['implement efficient e-services', 'grow cross-media communities', 're-contextualize extensible e-commerce']","['present', 'father', 'art', 'detail', 'act']"
896,morph one-to-one e-tailers,2698,Completed,,"['synergize integrated platforms', 'redefine bricks-and-clicks metrics', 'brand enterprise eyeballs']","['indeed', 'fine', 'look', 'executive', 'example']"
490,incentivize interactive niches,5008,In Progress,2023-11-29,"['deliver user-centric infrastructures', 'unleash B2C metrics', 'facilitate cutting-edge ROI']","['other', 'environment', 'class', 'moment', 'speak']"
396,scale scalable markets,5979,Completed,,"['redefine back-end mindshare', 'unleash synergistic functionalities', 'target visionary systems']","['lead', 'kind', 'parent', 'hope', 'receive']"
841,reinvent virtual technologies,5979,In Progress,,"['drive synergistic vortals', 'mesh impactful convergence', 'syndicate proactive web services']","['just', 'protect', 'prepare', 'social', 'whose']"
871,mesh bricks-and-clicks interfaces,3506,In Progress,,"['facilitate 24/365 synergies', 'envisioneer impactful models', 'mesh turn-key markets']","['process', 'authority', 'mention', 'kind', 'hundred']"
502,evolve compelling functionalities,5372,In Progress,,"['architect synergistic methodologies', 'cultivate innovative solutions', 'embrace out-of-the-box metrics']","['act', 'quite', 'consumer', 'order', 'difference']"
440,innovate viral models,2037,In Progress,2024-03-23,"['transform dynamic architectures', 'facilitate efficient e-tailers', 'maximize sticky infrastructures']","['chair', 'plant', 'tough', 'training', 'including']"
456,redefine out-of-the-box niches,1784,In Progress,,"['strategize holistic applications', 'seize ubiquitous metrics', 'deploy synergistic e-tailers']","['animal', 'present', 'bank', 'above', 'truth']"
576,scale impactful platforms,1839,In Progress,,"['seize real-time metrics', 'innovate visionary e-services', 'matrix frictionless e-business']","['usually', 'recent', 'minute', 'should', 'produce']"
757,productize real-time solutions,5415,Completed,,"['cultivate world-class models', 'enhance 24/7 users', 'exploit distributed methodologies']","['fish', 'improve', 'politics', 'body', 'evidence']"
429,transition holistic paradigms,7790,Completed,2024-01-16,"['morph vertical interfaces', 'synergize strategic experiences', 'integrate integrated bandwidth']","['air', 'whose', 'treat', 'sit', 'herself']"
729,target mission-critical e-markets,3145,Completed,2023-12-13,"['disintermediate 24/7 niches', 'aggregate e-business interfaces', 'streamline vertical ROI']","['health', 'happy', 'no', 'business', 'author']"
824,synergize turn-key web-readiness,2698,Completed,,"['reinvent integrated markets', 'maximize value-added portals', 'revolutionize frictionless partnerships']","['whether', 'decade', 'simply', 'institution', 'party']"
344,deliver bricks-and-clicks e-services,4665,Completed,2023-12-11,"['cultivate innovative networks', 're-intermediate efficient e-services', 'matrix customized bandwidth']","['big', 'leave', 'work', 'number', 'life']"
240,embrace dynamic initiatives,4470,Completed,,"['facilitate clicks-and-mortar systems', 'expedite customized info-mediaries', 'synergize B2C functionalities']","['name', 'human', 'black', 'threat', 'feeling']"
512,innovate vertical e-business,7028,In Progress,2024-06-07,"['repurpose enterprise action-items', 'transform enterprise solutions', 'target cutting-edge synergies']","['safe', 'road', 'area', 'general', 'question']"
162,exploit seamless e-commerce,8128,In Progress,2024-03-22,"['deploy intuitive e-services', 'visualize world-class deliverables', 'syndicate next-generation e-services']","['turn', 'size', 'fire', 'decade', 'produce']"
858,iterate dot-com e-tailers,6119,Completed,,"['benchmark B2B models', 'deliver virtual ROI', 'drive leading-edge e-services']","['think', 'public', 'tax', 'leg', 'could']"
259,e-enable efficient e-business,6119,Completed,,"['empower real-time users', 'orchestrate open-source deliverables', 'iterate ubiquitous e-commerce']","['happy', 'charge', 'save', 'traditional', 'hear']"
567,seize front-end partnerships,4113,Completed,2024-06-01,"['benchmark strategic markets', 'productize integrated interfaces', 'repurpose viral platforms']","['people', 'safe', 'network', 'style', 'speech']"
911,target scalable web services,5372,In Progress,2023-09-13,"['drive B2B infrastructures', 'enable efficient platforms', 'engage B2C portals']","['young', 'light', 'same', 'next', 'radio']"
143,engage killer e-business,6542,In Progress,,"['brand sticky markets', 'matrix integrated e-commerce', 'mesh robust content']","['parent', 'concern', 'guess', 'seem', 'thus']"
223,deliver front-end relationships,2088,Completed,2024-02-14,"['strategize value-added convergence', 'repurpose compelling action-items', 'synthesize distributed solutions']","['field', 'natural', 'continue', 'deep', 'water']"
369,grow seamless schemas,9489,In Progress,2024-01-01,"['visualize visionary relationships', 'innovate wireless technologies', 'engineer frictionless systems']","['art', 'lawyer', 'begin', 'water', 'nation']"
267,e-enable open-source models,9629,Completed,2023-10-08,"['disintermediate visionary eyeballs', 'drive e-business metrics', 'deploy revolutionary bandwidth']","['car', 'decade', 'involve', 'best', 'prepare']"
255,mesh open-source e-tailers,1839,In Progress,,"['disintermediate transparent vortals', 'extend killer initiatives', 'transform magnetic systems']","['international', 'prove', 'writer', 'local', 'recognize']"
493,streamline dot-com info-mediaries,6287,Completed,2024-07-06,"['unleash ubiquitous platforms', 'monetize seamless interfaces', 'generate one-to-one paradigms']","['career', 'return', 'camera', 'safe', 'news']"
154,disintermediate e-business methodologies,8816,In Progress,2024-06-21,"['transition 24/7 markets', 'envisioneer best-of-breed e-services', 'synthesize B2C e-business']","['bank', 'investment', 'apply', 'work', 'tax']"
886,incubate rich convergence,8487,Completed,,"['integrate end-to-end e-commerce', 'monetize B2B eyeballs', 'unleash 24/365 eyeballs']","['amount', 'minute', 'per', 'outside', 'cold']"
111,integrate enterprise schemas,2223,In Progress,,"['generate synergistic vortals', 'enable out-of-the-box vortals', 'empower interactive content']","['line', 'range', 'probably', 'new', 'lay']"
185,integrate vertical experiences,8443,Completed,,"['orchestrate open-source web services', 'maximize best-of-breed partnerships', 'deliver granular initiatives']","['really', 'care', 'sometimes', 'choice', 'agree']"
786,mesh leading-edge action-items,8128,In Progress,2023-11-12,"['engineer world-class platforms', 'envisioneer compelling technologies', 'drive cross-media e-services']","['attack', 'scene', 'size', 'check', 'strategy']"
655,innovate bleeding-edge info-mediaries,5491,In Progress,,"['harness plug-and-play markets', 'disintermediate extensible convergence', 'incentivize killer content']","['group', 'chance', 'expert', 'yourself', 'eat']"
931,re-intermediate seamless systems,2113,Completed,2024-01-24,"['strategize enterprise vortals', 'brand cutting-edge e-tailers', 'disintermediate killer channels']","['plant', 'pull', 'local', 'serve', 'film']"
662,target mission-critical deliverables,1514,In Progress,,"['exploit impactful solutions', 'orchestrate front-end relationships', 'scale robust convergence']","['character', 'newspaper', 'school', 'boy', 'factor']"
135,maximize e-business methodologies,9226,In Progress,,"['transform next-generation schemas', 'redefine B2B functionalities', 'exploit B2C e-markets']","['recently', 'rule', 'recently', 'realize', 'heavy']"
991,scale integrated niches,9226,Completed,2024-07-10,"['strategize back-end solutions', 'orchestrate revolutionary e-tailers', 'engineer integrated networks']","['whose', 'worker', 'these', 'their', 'cold']"
