EmployeeID,Address,EmergencyContact,HRNotes
5065,"73483 Jeremy Isle
East Toddburgh, MI 30796",556-948-5094x43826,Fight fire business of. Detail ok something sometimes. Lead end better someone.
6661,"89515 Roberson Club
Staceyview, ID 92678",+1-988-862-7065x767,Visit involve a area population. Tax could relate write. Act scene house green hand.
8987,"2640 Reyes Forks
Sandrachester, WI 15622",(937)218-7040x33688,Perhaps more pretty few way high. Price same instead air clearly talk finish.
3127,"12239 Sean Ville
Port Justin, WY 69585",(983)816-7363,Black design five. Minute woman gas rule institution year answer. Action beat staff.
3564,"8766 Julie Trafficway Apt. 806
Wrightland, CA 71211",800-535-6460,At ask guess now upon. Beyond his into middle type many tree. Newspaper sense man best color watch.
9134,"2673 Allen Lane
Lake Johnmouth, MP 29476",001-752-703-0640x630,Live buy light task measure house base. Reality appear across southern close common. Raise even move teacher character it.
9913,"17149 Hall Pines
Rodriguezton, AL 51744",543-361-2640x175,College car ever sister. Thousand find past evidence finish under right. Both some painting.
5873,"1846 Sarah Extension Apt. 500
Allenburgh, FM 80841",475.267.7747x738,Account a play other box. Marriage clear culture. Represent music heavy water prevent herself medical.
1279,"09773 Gregory Circles Suite 006
New Andreaport, PA 81190",440.507.7579x79830,Sound any dark project human. Until run sit three southern. For expert reality son since.
3118,"37314 Marissa Points
Lake Andrew, KY 79762",(626)540-2150,Very red drive few time present. Evidence direction ready service I real turn. Shoulder not step pass hot suggest travel parent.
9641,"016 Mckee Plaza Apt. 376
North Zacharyfurt, FL 36675",801-785-1054x939,Society mother whose story. Professor beautiful whom onto. Several parent as so speech nor feel.
4816,"9837 Roberts Ford
North Matthew, MD 33959",9208020609,Best general hundred final free value road blood. Business food east forget few question foreign. Market toward break eye political project attorney owner.
8195,"041 Jessica Mountains Apt. 978
Johnsonport, SD 94905",+1-357-932-8935x9590,Beyond sing worker hand offer station price.
2367,"132 Washington Trail
New Eric, WA 16398",(849)498-9030,Language explain become each minute.
5192,"82214 Adams Road
New Steven, KY 55635",9479615531,Trade individual close interview teach if pay. Along south shoulder people. Site physical age reduce pick Congress.
6716,"808 Haney Street
Laurenland, AS 31191",6607250203,Country evidence role value affect. Tough parent rich share blood support these. Detail leader employee painting young sport.
1047,"94043 Powell Lodge Suite 833
Elizabethmouth, TX 65075",+1-721-503-6150x16107,Easy region way any at yeah difference number. Direction responsibility close partner. Short down out when.
5717,"21752 Tucker Motorway Apt. 472
West William, GU 52856",+1-979-212-0014,Million something fall anything require pay seek. Billion threat reveal within. Eight before know make loss loss.
1585,"870 Hernandez Crossroad
Robertshire, NC 50140",912.226.0869x3083,Determine method consider subject serve same. Knowledge grow ahead city police.
8628,"7666 Heather Forest
West Valerieborough, WY 46612",862.402.9167,Another center give current between. Capital ever such tend behavior social.
1732,"84088 Acosta Estate Apt. 490
Sethborough, PW 32550",668-932-5118x39277,Head professional apply. Explain appear benefit community close particularly method team. Well society chair. Role reality month forget ok.
6773,"USNS Allen
FPO AP 21034",8354445500,Edge girl poor time man figure.
4167,"2974 Meyers Throughway
West Carolland, TX 32682",757-838-2630x7426,Seat certainly design operation hundred. Ground sister ahead author field east senior. Avoid officer radio yet strategy care together.
1875,"646 Murray Village Apt. 496
Lisastad, VT 95987",+1-468-384-1928x038,Where or police somebody idea control up.
3644,"90969 Tanner Branch Apt. 428
North Michelle, AS 34838",979-565-8480x141,Tonight result avoid certainly man yet. Certainly up article.
1334,"9293 Patel Corner
Port Alexis, NH 83923",847-370-8504,Knowledge street agent charge theory child. Specific fish get order meet often use girl. Now table health play you.
8973,"09116 Choi Knoll Suite 241
Mcleanberg, AS 55417",+1-532-277-4803x80054,Enjoy available minute guy language rule. Admit each spring run.
3294,"50690 Latoya Parkways
South Aaronside, SC 70250",388-419-9049,Only fine painting security explain. Audience mention four of dark memory enter. Develop body purpose answer experience sell find space.
3676,"989 Garza Views Apt. 061
Anthonyborough, PW 30608",6003781653,Among job provide forward outside budget mission tax. Five can many final source run.
6936,"44794 Austin Prairie Apt. 962
Drakeborough, NV 16298",375.760.8162x9029,Else moment owner inside little fear charge. Art me explain glass teacher probably. Child my suffer business hit.
6397,"0110 Rodney Plain Apt. 426
West Robert, MP 10912",3549931001,Message number machine resource follow notice picture professional. Base produce may pattern player.
5625,"PSC 2298, Box 6416
APO AE 96534",001-357-825-4604x8957,Soldier music evening player American star operation modern. Responsibility fire none sea budget lay. Against own idea mission write partner. Type her level kid question.
9211,"8573 Dunn Union
New Brianmouth, WY 12490",+1-439-846-5403x4207,Exactly mean project rule show important.
8815,"483 Crystal Mountain
New Angela, PR 34609",+1-755-807-1645x65479,Somebody hard course star suggest. Chance something father expect. Describe water house let.
6627,"846 Young Street Suite 395
Boydstad, NJ 10215",206.361.0969x8487,Various forward current within. Today agreement network beat rather long enjoy. Reality enter guy class road.
2429,"77632 Ryan Fort
Jameshaven, AS 69259",(405)990-3421,Glass gas provide author production early. Until this guess than.
2430,"82707 Michael Gardens
North Sandra, IN 58833",366.423.1400x919,Face ok technology indeed effort wife. Small real response character truth. Spend finish feel concern.
1366,"90290 Rivera Spurs Apt. 386
South James, MD 47866",547-710-9514x55066,Rock nor go stage but matter home. Type responsibility decision product follow help safe.
5648,"2489 Johnny Gardens Suite 258
Clementsshire, CO 84398",(436)668-7055x619,Attorney natural the individual partner memory expert. None fund door report around western.
7159,"896 Stacy Oval Suite 762
Port Jacob, WI 25394",001-314-431-5635,Old others rather outside. Think live real teach.
4899,"7409 Marks Tunnel Suite 268
Jacksonfort, OK 02161",343.622.7605,Child organization something ball owner anything. Which can add happen themselves wind public. Place state road painting couple feeling never.
5758,"08642 Stephanie Mills
Riceport, KS 70357",(790)309-8254x7611,Movie letter fly tough your. Skin until democratic.
9000,"003 Robert Harbors
Elizabethland, WY 61714",542-291-8552x245,Question service institution discuss usually newspaper. Finally activity song.
5729,"64959 Connie Mountain
Lisamouth, MA 57993",3674349206,Group already same building. Safe nation reflect anything fear. Change evidence size their magazine energy.
1696,"2432 Darlene Estates
Woodsfurt, HI 57186",4739534719,Enter charge take various follow.
3288,"750 Murray Ways
Williamhaven, SC 72754",+1-393-202-7760x97737,Administration little give water time task. Test rock card staff.
6912,"944 Robbins Glen Apt. 407
West Johnview, OK 87223",+1-745-285-6141x39299,Professional college positive range child whatever already human. Laugh civil include civil ability.
4412,"6102 Susan Square Apt. 527
Mooremouth, MT 15721",001-268-525-7744x5464,Goal hundred because service season. President cut event security Congress much.
3859,"68708 Cooper Highway
New Hannahside, WI 86308",351-383-1909x599,Table detail side note. Grow remember than.
7085,"798 Fuentes Lock Suite 228
Victoriatown, ND 94436",362-687-8390,Everything financial popular possible color relate walk friend.
9716,"4459 Matthew Circle
North Kimhaven, IL 19541",(508)753-4526x32132,Life husband leave well. Though arrive require from.
5716,"94175 Chelsea Fields Suite 104
Samanthashire, IA 45293",433-782-7044x0810,Tell behind loss blood on forget resource. Establish law system decision. Decide hour sometimes whole despite development term name.
7110,"02818 Fitzgerald Road Apt. 387
Port Williamborough, NV 20959",451-767-6515,Business task billion cut hard score. Choose always mean candidate record quality.
2454,"PSC 3113, Box 6704
APO AA 86240",+1-911-805-6447x107,Coach almost theory. Recent have stock life way treatment.
9925,"424 Ware Hills Apt. 206
Leahburgh, VA 72492",+1-705-985-2641x9447,Wall tax magazine part maybe economy outside. Contain ready green skill art. Middle general all across.
3504,"9415 Joseph Knoll
Snydermouth, NC 74804",+1-394-393-9707x3668,Number ahead close represent three. Black break own like. Cold point drug picture.
2111,"99445 Cook Landing Apt. 732
Owenside, KS 75960",325.598.6179x385,Feeling leader future son great.
4906,"1606 Hall Place Apt. 313
Moyerton, IN 26978",(225)260-5456,Exactly little rich doctor. Pretty physical force away picture.
5521,"USS Horton
FPO AE 07550",(750)289-3676x04814,Service state camera war everyone produce. Wrong grow different.
4278,"039 Timothy Courts
North Alanville, MH 60985",001-435-725-0921x58047,Method amount compare strategy program play everybody. Back myself they side fact cost.
5246,"3358 Jensen Gardens Suite 395
Millerville, GU 94926",001-538-283-1222x348,So factor after like news positive provide entire. Born visit authority bed.
3594,"Unit 7506 Box 3430
DPO AE 99772",289-732-5521,Attorney last daughter stand. Surface throw section want. View may local large five size nearly. Couple radio event buy.
5874,"USS Pugh
FPO AP 44167",(795)987-6230,Base culture build build religious.
1144,"71612 Nixon Estates
South Jared, FM 12157",001-541-542-4485,Capital you strategy respond week tend.
3646,"96493 Dwayne Key
Toniside, TN 70831",(923)853-4887,Bank choose exactly maybe response. Traditional fish pattern hour college accept others. Customer beautiful television.
7491,"788 Hughes Forks Apt. 770
East Coryburgh, PR 96003",+1-962-549-3264x9227,Possible show return poor. Action member very garden scene.
9329,"60360 Cooper Flat Suite 627
Brooksville, MH 70666",001-813-225-4086x321,Out magazine common hit event store. Arm amount gas. Account down particularly to.
2698,"787 Lopez Knolls Suite 196
Peterborough, IA 38786",8378962545,Far drop free action we try. Later international everyone full audience.
1121,"57182 Lawrence Port Apt. 497
New Brian, GA 86476",293-505-3841,Wrong how understand relate floor. Mission establish expert. Together than it receive apply player TV. Become face throw tree administration brother.
9464,"691 Horne Manors
Port Brycemouth, AK 71896",3042457650,Others set peace. All dark treat visit fall source.
5300,"00585 Gregory Heights Suite 200
Gregorystad, HI 19672",(742)852-4558,Remain you ten food cut necessary quickly. Source reach finish office behavior. Coach move TV measure. Always each teacher serve wish.
3061,"49500 William Centers
Mirandabury, MT 53469",6118879652,Budget floor bar visit base. Agree you oil authority.
3350,"3962 Kenneth Glens Suite 167
Ericside, PW 35064",+1-479-779-9724,Pressure age player industry. It maybe four head.
5723,"37498 Gardner Plaza Apt. 499
West Catherinefurt, AK 59635",001-495-653-2645x571,Because police thank make less view remember government. Exactly black air adult group skill result. Serious central really people same debate book.
1333,"2472 Michael River Suite 798
West Anita, OH 48514",862.991.8959x8008,Mother ok hit professional. Already white factor two.
9404,"Unit 4117 Box 1309
DPO AP 63941",001-828-650-2662,Expert mouth lay age. Number system city area.
3623,"7364 Elizabeth Corners
Christopherchester, KY 27386",+1-258-249-6828x8753,Get several necessary most maybe standard. Effect support herself summer. Special deal treat own real onto.
8953,"11481 Gomez Prairie
Lake Valerie, WV 97845",001-200-306-4512x1193,Mother security short have value word easy cover. Draw address its.
8386,"6029 Helen Loaf Suite 644
Crystalbury, WY 09999",586.279.1580x235,His detail could expert. Inside more cell might fill produce. Personal friend product financial short.
4912,"40084 Matthew Park
Justinbury, CO 78403",556.751.3243,Paper consider action remember about. Pick both because wall room.
2531,"48616 Allison Shoals
West Jodifurt, MP 21084",001-429-670-6911x038,First economic have physical outside dinner direction. Throughout traditional too camera realize onto key.
6666,"6857 Jennifer Road Suite 472
East Douglashaven, NY 87607",260-916-8942,Three team heart evening treatment leader. Seven threat check risk. Identify maybe century whose your system.
9071,"459 James Throughway Suite 529
Fowlerburgh, TN 82905",529-616-9949x9764,Loss democratic stuff economic agent. It industry what plant full point shake.
6174,"USNV Wright
FPO AE 60744",843.764.1879x4254,Never market fish. Nation look chance enough development bed.
8680,"4408 Carmen Mill
Port Nicole, OK 63515",(918)790-2681x1767,Summer if decade Congress. Than college for off. Away computer heart he suddenly.
1693,"32596 Robert Fords
Brownton, LA 63390",587.785.5570,Start quite important hair. Wait particularly lead financial.
7143,"93305 Sanchez Corner Suite 842
Staceyburgh, PA 30755",497.779.5529,Watch attorney summer first operation act. As value traditional bill TV join create.
8750,"98402 Nunez Well Suite 401
Millerborough, MO 03860",001-918-775-4438x36626,Must ready society style decide successful southern. So some customer sell another both among.
1757,"2056 Michael Lights
Edwardsborough, AZ 28064",+1-721-703-7210x054,All activity west test language gun. Republican treat property author yourself approach three. Debate deal hope challenge behavior indicate myself.
2871,"944 Graham Lights
Alexanderville, MI 69953",+1-581-994-2121,Subject candidate whether any continue poor four. Shoulder finish sense ready join. Some doctor especially something government red night.
3383,"6385 Davis Tunnel
Port Brian, AS 14971",826.944.2095,Late him have movement involve. Bring mind season American.
3449,"PSC 8579, Box 8940
APO AP 55151",(869)643-0243x629,Few pattern book might wish. Tree born single realize compare discussion coach score. Improve perform accept act.
5689,"65278 Miller Parkway Suite 355
West Kristen, DE 14228",+1-470-409-1827x8946,Laugh expect make Congress training field lead. Seem week late. Prove son list exist try new fill. Hotel at day before travel party measure.
7662,"6763 Williams Ville Suite 030
Gardnerberg, WI 00637",370.555.3682x1322,View Mrs arrive have style. Pressure better animal ahead by same hour. Same wish book industry strategy help.
7801,"038 Willie Circles Suite 497
North Monicafort, ID 66186",524-642-2829x107,Use here its. Ability many Republican forget.
7364,"379 Nelson Pike Suite 453
Lake Yolandamouth, WA 22612",001-813-380-5167,Often room least. Seem lot back computer challenge section available consider. Personal form stop crime government. Back decide approach join whether official lawyer.
7187,"USCGC Walker
FPO AP 61472",602-891-5431,As follow claim thus follow system. Leg rest test standard firm Democrat.
2482,"880 Frost Shores Apt. 462
Whiteton, NM 34870",846-266-5503x25119,Raise onto model. Call professor big member. Point year hair before.
6312,"Unit 4618 Box 2092
DPO AP 66764",778-653-9365x092,Worker month life real boy blood training. Player indicate great bill everyone choice this. Professor usually send new little society.
2762,"226 Khan Gardens
Jackstad, DC 31742",001-467-487-6821,Draw different test her help home people. Act character administration play.
