ApplicationID,EmployeeID,JobTitleAppliedFor,ApplicationStatus,DateOfApplication
3382,5751,Licensed conveyancer,Accepted,2023-12-28
1388,1839,Ophthalmologist,Interviewed,2024-05-25
9631,3561,Network engineer,Applied,2024-03-14
1219,9461,Writer,Rejected,2023-08-12
7696,8094,Volunteer coordinator,Accepted,2024-04-26
2166,1885,"Engineer, land",Rejected,2023-12-28
9726,1839,Science writer,Accepted,2024-03-10
8710,3041,Tax inspector,Rejected,2024-05-26
8777,5480,"Doctor, hospital",Accepted,2024-03-09
8049,5374,"Engineer, aeronautical",Accepted,2024-02-25
5838,3977,Soil scientist,Accepted,2024-04-25
7874,9256,"Civil engineer, consulting",Accepted,2024-06-09
5119,8443,Medical secretary,Interviewed,2023-11-12
5055,5719,Museum education officer,Applied,2023-09-22
8682,8128,Advertising art director,Rejected,2024-07-11
7960,7095,Commercial/residential surveyor,Interviewed,2024-06-19
8483,6525,"Engineer, electronics",Interviewed,2023-09-06
7604,2921,"Journalist, broadcasting",Applied,2024-04-09
9467,3765,Animal nutritionist,Applied,2024-03-13
8230,9904,Professor Emeritus,Applied,2024-05-16
6521,1839,Paramedic,Accepted,2023-12-24
4248,5979,Contractor,Rejected,2024-07-19
6931,2921,Private music teacher,Applied,2023-09-27
7327,1885,Brewing technologist,Accepted,2024-04-20
5314,8443,Charity officer,Interviewed,2023-12-26
1925,5570,Merchant navy officer,Applied,2024-05-08
6314,5600,"Psychologist, educational",Accepted,2023-08-23
9987,9629,Chief of Staff,Rejected,2023-08-11
3763,5374,Occupational therapist,Interviewed,2024-04-08
7064,4525,Health promotion specialist,Rejected,2023-09-17
9328,7790,Retail manager,Applied,2024-06-18
8017,9727,Counsellor,Accepted,2023-09-27
8314,2037,Theme park manager,Interviewed,2023-10-20
3094,2698,"Surveyor, minerals",Interviewed,2024-07-10
5643,5098,Teaching laboratory technician,Interviewed,2024-06-28
1293,4665,Brewing technologist,Interviewed,2023-09-12
5628,5372,"Engineer, site",Applied,2024-01-08
5381,4721,Technical sales engineer,Rejected,2023-09-13
2637,4269,"Therapist, horticultural",Rejected,2023-09-26
8292,5374,Contracting civil engineer,Rejected,2024-03-16
5293,3506,"Nurse, learning disability",Accepted,2024-01-10
4905,2340,"Editor, magazine features",Applied,2023-08-09
1484,6718,Horticultural consultant,Interviewed,2023-09-16
6203,3977,Publishing copy,Applied,2023-10-07
3203,8387,Radio broadcast assistant,Interviewed,2023-09-28
8439,6119,Fitness centre manager,Accepted,2023-10-09
9240,5415,Barrister,Rejected,2024-07-03
5801,3145,"Teacher, primary school",Interviewed,2023-12-25
5675,5372,Press sub,Rejected,2024-03-15
1567,9315,"Surveyor, planning and development",Interviewed,2024-03-29
2617,6542,Chartered accountant,Rejected,2024-02-24
4417,9461,Fashion designer,Interviewed,2024-03-13
9167,6978,Insurance risk surveyor,Accepted,2023-08-17
5122,3041,Theatre stage manager,Rejected,2023-12-16
6167,3036,Risk analyst,Interviewed,2023-08-03
4674,3235,Local government officer,Rejected,2024-02-29
4758,5415,"Conservator, museum/gallery",Applied,2024-04-17
2831,4831,"Accountant, chartered management",Accepted,2023-08-12
2686,4525,"Engineer, site",Accepted,2023-11-21
5223,5415,Conference centre manager,Accepted,2024-02-25
2051,9727,Counsellor,Interviewed,2024-06-17
1190,7487,"Teacher, special educational needs",Applied,2023-10-06
7858,3506,Ophthalmologist,Rejected,2024-05-23
2862,4470,Merchant navy officer,Applied,2024-04-24
9319,4017,Dance movement psychotherapist,Interviewed,2023-08-11
4214,6241,Glass blower/designer,Interviewed,2024-03-11
1602,7028,Personnel officer,Interviewed,2024-06-28
6513,4113,Theatre manager,Rejected,2023-12-10
1592,9489,"Scientist, water quality",Rejected,2023-08-21
6173,5491,"Surveyor, rural practice",Applied,2023-12-12
2996,2921,Maintenance engineer,Rejected,2024-02-13
7122,6484,"Engineer, biomedical",Rejected,2023-11-21
7543,8353,Administrator,Interviewed,2024-05-28
3700,7095,English as a second language teacher,Rejected,2024-05-01
5550,7359,Chief Operating Officer,Interviewed,2024-02-21
6866,6718,"Journalist, magazine",Rejected,2024-04-14
7985,9904,Community pharmacist,Interviewed,2024-01-07
9326,2698,"Therapist, sports",Applied,2024-05-20
6448,3506,Armed forces logistics/support/administrative officer,Applied,2024-02-13
8619,5374,"Civil engineer, consulting",Interviewed,2024-06-21
8194,2113,Technical brewer,Rejected,2023-09-04
4914,2088,Sports development officer,Applied,2023-08-30
9393,4525,"Lecturer, higher education",Accepted,2024-06-18
9120,1391,Politician's assistant,Accepted,2024-06-28
9439,8443,Charity officer,Accepted,2023-07-26
8254,4831,"Presenter, broadcasting",Interviewed,2023-11-09
9346,8387,Optometrist,Accepted,2024-03-30
6688,9256,Charity officer,Accepted,2024-05-13
9039,3506,Chemical engineer,Interviewed,2024-02-20
9147,4665,Contracting civil engineer,Interviewed,2023-10-25
3103,5308,Exercise physiologist,Applied,2024-06-18
8849,8487,Risk analyst,Accepted,2024-01-26
5563,2223,"Therapist, speech and language",Interviewed,2023-10-21
8821,4269,Insurance claims handler,Applied,2024-01-15
8198,9771,"Scientist, physiological",Interviewed,2024-05-14
1838,5372,Higher education lecturer,Accepted,2023-10-08
7726,4113,Geoscientist,Interviewed,2023-10-16
1361,3977,"Administrator, education",Applied,2024-02-23
3624,2828,Rural practice surveyor,Applied,2024-07-04
2094,1514,Recruitment consultant,Applied,2024-03-24
